phase,leg,x,y,z,coxa_raw,coxa_out,femur_raw,femur_out,tibia_raw,tibia_out
0.0,lf,20.0,165.0,-40,96.9,96.9,152.1,152.1,96.6,96.6
0.0,rf,-20.0,165.0,-40.0,83.1,96.9,152.1,27.9,96.6,83.4
0.0,lr,20.0,165.0,-40,96.9,83.1,152.1,27.9,96.6,90
0.0,rr,-20.0,165.0,-40.0,83.1,83.1,152.1,152.1,96.6,90
0.05,lf,16.0,165.0,-40,95.5,95.5,152.3,152.3,96.9,96.9
0.05,rf,-16.0,165.0,-27.6,84.5,95.5,159.4,20.6,98.8,81.2
0.05,lr,16.0,165.0,-40,95.5,84.5,152.3,27.7,96.9,90
0.05,rr,-16.0,165.0,-27.6,84.5,84.5,159.4,159.4,98.8,90
0.1,lf,12.0,165.0,-40,94.2,94.2,152.4,152.4,97.0,97.0
0.1,rf,-12.0,165.0,-16.5,85.8,94.2,165.6,14.4,100.1,79.9
0.1,lr,12.0,165.0,-40,94.2,85.8,152.4,27.6,97.0,90
0.1,rr,-12.0,165.0,-16.5,85.8,85.8,165.6,165.6,100.1,90
0.15,lf,8.0,165.0,-40,92.8,92.8,152.5,152.5,97.2,97.2
0.15,rf,-8.0,165.0,-7.6,87.2,92.8,170.3,9.7,100.7,79.3
0.15,lr,8.0,165.0,-40,92.8,87.2,152.5,27.5,97.2,90
0.15,rr,-8.0,165.0,-7.6,87.2,87.2,170.3,170.3,100.7,90
0.2,lf,4.0,165.0,-40,91.4,91.4,152.5,152.5,97.3,97.3
0.2,rf,-4.0,165.0,-2.0,88.6,91.4,173.2,6.8,101.0,79.0
0.2,lr,4.0,165.0,-40,91.4,88.6,152.5,27.5,97.3,90
0.2,rr,-4.0,165.0,-2.0,88.6,88.6,173.2,173.2,101.0,90
0.25,lf,0.0,165.0,-40,90.0,90.0,152.6,152.6,97.3,97.3
0.25,rf,0.0,165.0,0.0,90.0,90.0,174.1,5.9,101.0,79.0
0.25,lr,0.0,165.0,-40,90.0,90.0,152.6,27.4,97.3,90
0.25,rr,0.0,165.0,0.0,90.0,90.0,174.1,174.1,101.0,90
0.3,lf,-4.0,165.0,-40,88.6,88.6,152.5,152.5,97.3,97.3
0.3,rf,4.0,165.0,-2.0,91.4,88.6,173.2,6.8,101.0,79.0
0.3,lr,-4.0,165.0,-40,88.6,91.4,152.5,27.5,97.3,90
0.3,rr,4.0,165.0,-2.0,91.4,91.4,173.2,173.2,101.0,90
0.35,lf,-8.0,165.0,-40,87.2,87.2,152.5,152.5,97.2,97.2
0.35,rf,8.0,165.0,-7.6,92.8,87.2,170.3,9.7,100.7,79.3
0.35,lr,-8.0,165.0,-40,87.2,92.8,152.5,27.5,97.2,90
0.35,rr,8.0,165.0,-7.6,92.8,92.8,170.3,170.3,100.7,90
0.4,lf,-12.0,165.0,-40,85.8,85.8,152.4,152.4,97.0,97.0
0.4,rf,12.0,165.0,-16.5,94.2,85.8,165.6,14.4,100.1,79.9
0.4,lr,-12.0,165.0,-40,85.8,94.2,152.4,27.6,97.0,90
0.4,rr,12.0,165.0,-16.5,94.2,94.2,165.6,165.6,100.1,90
0.45,lf,-16.0,165.0,-40,84.5,84.5,152.3,152.3,96.9,96.9
0.45,rf,16.0,165.0,-27.6,95.5,84.5,159.4,20.6,98.8,81.2
0.45,lr,-16.0,165.0,-40,84.5,95.5,152.3,27.7,96.9,90
0.45,rr,16.0,165.0,-27.6,95.5,95.5,159.4,159.4,98.8,90
0.5,lf,-20.0,165.0,-40.0,83.1,83.1,152.1,152.1,96.6,96.6
0.5,rf,20.0,165.0,-40,96.9,83.1,152.1,27.9,96.6,83.4
0.5,lr,-20.0,165.0,-40.0,83.1,96.9,152.1,27.9,96.6,90
0.5,rr,20.0,165.0,-40,96.9,96.9,152.1,152.1,96.6,90
0.55,lf,-16.0,165.0,-27.6,84.5,84.5,159.4,159.4,98.8,98.8
0.55,rf,16.0,165.0,-40,95.5,84.5,152.3,27.7,96.9,83.1
0.55,lr,-16.0,165.0,-27.6,84.5,95.5,159.4,20.6,98.8,90
0.55,rr,16.0,165.0,-40,95.5,95.5,152.3,152.3,96.9,90
0.6,lf,-12.0,165.0,-16.5,85.8,85.8,165.6,165.6,100.1,100.1
0.6,rf,12.0,165.0,-40,94.2,85.8,152.4,27.6,97.0,83.0
0.6,lr,-12.0,165.0,-16.5,85.8,94.2,165.6,14.4,100.1,90
0.6,rr,12.0,165.0,-40,94.2,94.2,152.4,152.4,97.0,90
0.65,lf,-8.0,165.0,-7.6,87.2,87.2,170.3,170.3,100.7,100.7
0.65,rf,8.0,165.0,-40,92.8,87.2,152.5,27.5,97.2,82.8
0.65,lr,-8.0,165.0,-7.6,87.2,92.8,170.3,9.7,100.7,90
0.65,rr,8.0,165.0,-40,92.8,92.8,152.5,152.5,97.2,90
0.7,lf,-4.0,165.0,-2.0,88.6,88.6,173.2,173.2,101.0,101.0
0.7,rf,4.0,165.0,-40,91.4,88.6,152.5,27.5,97.3,82.7
0.7,lr,-4.0,165.0,-2.0,88.6,91.4,173.2,6.8,101.0,90
0.7,rr,4.0,165.0,-40,91.4,91.4,152.5,152.5,97.3,90
0.75,lf,0.0,165.0,0.0,90.0,90.0,174.1,174.1,101.0,101.0
0.75,rf,0.0,165.0,-40,90.0,90.0,152.6,27.4,97.3,82.7
0.75,lr,0.0,165.0,0.0,90.0,90.0,174.1,5.9,101.0,90
0.75,rr,0.0,165.0,-40,90.0,90.0,152.6,152.6,97.3,90
0.8,lf,4.0,165.0,-2.0,91.4,91.4,173.2,173.2,101.0,101.0
0.8,rf,-4.0,165.0,-40,88.6,91.4,152.5,27.5,97.3,82.7
0.8,lr,4.0,165.0,-2.0,91.4,88.6,173.2,6.8,101.0,90
0.8,rr,-4.0,165.0,-40,88.6,88.6,152.5,152.5,97.3,90
0.85,lf,8.0,165.0,-7.6,92.8,92.8,170.3,170.3,100.7,100.7
0.85,rf,-8.0,165.0,-40,87.2,92.8,152.5,27.5,97.2,82.8
0.85,lr,8.0,165.0,-7.6,92.8,87.2,170.3,9.7,100.7,90
0.85,rr,-8.0,165.0,-40,87.2,87.2,152.5,152.5,97.2,90
0.9,lf,12.0,165.0,-16.5,94.2,94.2,165.6,165.6,100.1,100.1
0.9,rf,-12.0,165.0,-40,85.8,94.2,152.4,27.6,97.0,83.0
0.9,lr,12.0,165.0,-16.5,94.2,85.8,165.6,14.4,100.1,90
0.9,rr,-12.0,165.0,-40,85.8,85.8,152.4,152.4,97.0,90
0.95,lf,16.0,165.0,-27.6,95.5,95.5,159.4,159.4,98.8,98.8
0.95,rf,-16.0,165.0,-40,84.5,95.5,152.3,27.7,96.9,83.1
0.95,lr,16.0,165.0,-27.6,95.5,84.5,159.4,20.6,98.8,90
0.95,rr,-16.0,165.0,-40,84.5,84.5,152.3,152.3,96.9,90
